Date,Simulated_Close
2018-01-01,102.48357076505616
2018-01-02,99.70888349013119
2018-01-03,104.03848167359064
2018-01-04,108.81428064719722
2018-01-05,100.42634549746606
2018-01-06,100.82292868139986
2018-01-07,110.28433183955227
2018-01-08,106.61788407067229
2018-01-09,100.82320715178638
2018-01-10,106.27031443980208
2018-01-11,101.62407113578561
2018-01-12,101.99251386107449
2018-01-13,105.90698613255374
2018-01-14,95.50245071939153
2018-01-15,96.81126569829418
2018-01-16,102.98641181117824
2018-01-17,101.0903516304153
2018-01-18,108.07674228494996
2018-01-19,102.31040798245121
2018-01-20,100.12774732053596
2018-01-21,114.8496592412277
2018-01-22,106.71780026800444
2018-01-23,108.50241833175353
2018-01-24,101.35168141632286
2018-01-25,106.05643189079203
2018-01-26,109.62789697121245
2018-01-27,103.60501608713817
2018-01-28,111.51669072435064
2018-01-29,106.90450525021816
2018-01-30,108.70978382823797
2018-01-31,107.41111355536664
2018-02-01,119.92306628223629
2018-02-02,110.82665764380711
2018-02-03,105.82831279169457
2018-02-04,115.44239736461778
2018-02-05,105.42817909202354
2018-02-06,112.7692077111586
2018-02-07,102.10865943696862
2018-02-08,105.43769966641983
2018-02-09,113.22393876912196
2018-02-10,116.0822460944573
2018-02-11,113.38622016070345
2018-02-12,112.0797069200238
2018-02-13,111.27003463121892
2018-02-14,105.48952651580888
2018-02-15,109.37843300795315
2018-02-16,110.75887995430374
2018-02-17,118.42098717559121
2018-02-18,114.91564487141794
2018-02-19,104.43341021329474
2018-02-20,114.90898600552819
2018-02-21,111.39203729260782
2018-02-22,109.95069068096349
2018-02-23,116.40055792153439
2018-02-24,118.49314025795873
2018-02-25,117.97967848566095
2018-02-26,109.10158534746394
2018-02-27,111.71536868750131
2018-02-28,114.87098239151472
2018-03-01,118.0352288439537
2018-03-02,110.69421110683989
2018-03-03,112.0842568350427
2018-03-04,107.39339707280071
2018-03-05,106.84678138506509
2018-03-06,116.78359093180048
2018-03-07,119.38590711694967
2018-03-08,112.11920290836433
2018-03-09,117.36247971717269
2018-03-10,114.0097960105879
2018-03-11,108.82429023965913
2018-03-12,113.69685564756708
2018-03-13,119.41201676646091
2018-03-14,111.36688892206716
2018-03-15,119.18592125747885
2018-03-16,98.0734381491377
2018-03-17,115.08419990181612
2018-03-18,111.20580335677894
2018-03-19,109.0650701206801
2018-03-20,110.80241618653118
2018-03-21,100.18355479889806
2018-03-22,108.79543006337704
2018-03-23,111.44667298285103
2018-03-24,116.81316453302716
2018-03-25,106.59052930175726
2018-03-26,104.89354359356969
2018-03-27,106.17765047845776
2018-03-28,113.01051511314544
2018-03-29,109.82132924026942
2018-03-30,105.2702011158201
2018-03-31,110.22448889230401
2018-04-01,107.8807746242069
2018-04-02,111.97429907855658
2018-04-03,103.3553162637026
2018-04-04,104.96096853948546
2018-04-05,104.37199645299518
2018-04-06,98.74815179462624
2018-04-07,107.27981964769195
2018-04-08,106.83865946437551
2018-04-09,105.29415829656023
2018-04-10,103.8322751194444
2018-04-11,97.66675593579136
2018-04-12,102.3809262231238
2018-04-13,102.51363063529163
2018-04-14,99.9617345125176
2018-04-15,102.91583408057842
2018-04-16,105.49523613587769
2018-04-17,112.66255731653783
2018-04-18,103.865434523809
2018-04-19,104.04582694539667
2018-04-20,102.15632188985947
2018-04-21,92.71044837225185
2018-04-22,101.95308824301989
2018-04-23,102.17407949110306
2018-04-24,113.98263834938868
2018-04-25,100.50465477869572
2018-04-26,102.78105727831196
2018-04-27,100.91374091152692
2018-04-28,95.06528815672891
2018-04-29,106.45184332378119
2018-04-30,104.33438203747919
2018-05-01,104.3750565138882
2018-05-02,95.72657814260482
2018-05-03,107.14978140591786
2018-05-04,92.99775218041827
2018-05-05,102.82161132199839
2018-05-06,110.7292504164177
2018-05-07,94.72346215471738
2018-05-08,96.75353807032965
2018-05-09,100.00205350916724
2018-05-10,96.91523998916122
2018-05-11,91.6183276919417
2018-05-12,99.66383336825614
2018-05-13,93.9693511688695
2018-05-14,101.61927961093639
2018-05-15,94.63534757601998
2018-05-16,106.97409081543131
2018-05-17,95.31098429658566
2018-05-18,97.63072813493032
2018-05-19,103.33341863016584
2018-05-20,93.14736628746665
2018-05-21,100.48593569474966
2018-05-22,105.94241275715294
2018-05-23,91.43847020988376
2018-05-24,100.47936475042532
2018-05-25,100.94702505462608
2018-05-26,103.6592201349218
2018-05-27,93.67888617245052
2018-05-28,93.38587778042842
2018-05-29,102.73331264807027
2018-05-30,101.75481855076148
2018-05-31,101.6794076602443
2018-06-01,102.3268900400436
2018-06-02,97.37277597343302
2018-06-03,102.12283957399667
2018-06-04,102.6258901998503
2018-06-05,97.79786560465473
2018-06-06,110.91756982760755
2018-06-07,104.1867466662674
2018-06-08,96.09957916153476
2018-06-09,105.58681794279818
2018-06-10,97.68783183661111
2018-06-11,106.76287862429372
2018-06-12,108.89545210146983
2018-06-13,99.28265265838444
2018-06-14,108.49486510712256
2018-06-15,106.04188893034288
2018-06-16,108.39610502283907
2018-06-17,114.08514092445279
2018-06-18,103.69688244788183
2018-06-19,101.48477972487954
2018-06-20,101.14222391615868
2018-06-21,101.85347820125486
2018-06-22,105.89584561254553
2018-06-23,108.3417156903826
2018-06-24,108.37946831719619
2018-06-25,111.49711957125686
2018-06-26,107.7962002383654
2018-06-27,115.37330967288538
2018-06-28,107.16092232922769
2018-06-29,122.46739129983528
2018-06-30,112.38064180723603
2018-07-01,105.35534257939068
2018-07-02,104.67820050669404
2018-07-03,112.83890369024469
2018-07-04,109.70508831508243
2018-07-05,114.78988117469206
2018-07-06,113.9847911510379
2018-07-07,111.65406128859016
2018-07-08,108.18434824602679
2018-07-09,105.24432895392357
2018-07-10,110.98600475749494
2018-07-11,117.89998333252183
2018-07-12,115.0868932029405
2018-07-13,108.18482194850752
2018-07-14,115.67480052449926
2018-07-15,117.12878589927938
2018-07-16,111.17377464664087
2018-07-17,116.74974929019618
2018-07-18,116.65707089149166
2018-07-19,111.03256696871797
2018-07-20,118.9138839593745
2018-07-21,120.3021902486755
2018-07-22,123.2822949512673
2018-07-23,123.49993473449362
2018-07-24,111.70124738979021
2018-07-25,114.25359800027627
2018-07-26,121.86516908395528
2018-07-27,122.20002050963532
2018-07-28,122.54095039997054
2018-07-29,139.5572157937595
2018-07-30,123.46879191410224
2018-07-31,126.60560057935997
2018-08-01,126.00359173556471
2018-08-02,124.78846124017946
2018-08-03,120.24493513185521
2018-08-04,125.89750997673997
2018-08-05,118.51128764865258
2018-08-06,121.45520864636657
2018-08-07,120.46729065388634
2018-08-08,123.54899530255085
2018-08-09,134.94894423217679
2018-08-10,114.26567444751657
2018-08-11,127.24979499680754
2018-08-12,115.96138631457514
2018-08-13,121.86160047602262
2018-08-14,129.8519852732066
2018-08-15,124.90415053903939
2018-08-16,119.35896933408421
2018-08-17,121.32543280076864
2018-08-18,128.44341616302518
2018-08-19,121.5262028787065
2018-08-20,126.38199684145317
2018-08-21,125.63822904777703
2018-08-22,122.25198326407549
2018-08-23,136.31823319629387
2018-08-24,128.84552393175895
2018-08-25,115.6165083711843
2018-08-26,126.72966224217627
2018-08-27,122.53251742801935
2018-08-28,130.136590429258
2018-08-29,121.93374651867153
2018-08-30,125.33359673375699
2018-08-31,128.432208398374
2018-09-01,130.22517959208292
2018-09-02,119.8732780656096
2018-09-03,124.16993355699407
2018-09-04,123.42482614300947
2018-09-05,122.4795747528447
2018-09-06,134.50984913496455
2018-09-07,127.6336773249351
2018-09-08,119.22052998131481
2018-09-09,130.0205980808465
2018-09-10,135.93874394594548
2018-09-11,130.37748906576618
2018-09-12,117.49623762692183
2018-09-13,122.54077670080433
2018-09-14,131.1565174423086
2018-09-15,121.13501397030849
2018-09-16,126.73548254408009
2018-09-17,128.2244531281589
2018-09-18,119.54365920412027
2018-09-19,123.70011137057416
2018-09-20,107.60350102910382
2018-09-21,118.49295534408935
2018-09-22,122.15035594702024
2018-09-23,116.96612988075066
2018-09-24,131.15280311172612
2018-09-25,115.61990484011389
2018-09-26,120.34473788421208
2018-09-27,122.96782049252491
2018-09-28,129.28478106640003
2018-09-29,114.65887703969494
2018-09-30,127.40959735613895
2018-10-01,121.39669844403892
2018-10-02,116.18625855743868
2018-10-03,123.14945625224712
2018-10-04,121.57660056980232
2018-10-05,117.32016789402508
2018-10-06,120.40816338812738
2018-10-07,117.8688019563504
2018-10-08,120.09785761027801
2018-10-09,122.57487830170328
2018-10-10,126.92768634586353
2018-10-11,112.54169622883603
2018-10-12,129.12927723574984
2018-10-13,108.43754406212587
2018-10-14,117.17383661934939
2018-10-15,120.61040277071338
2018-10-16,118.81147418205494
2018-10-17,114.03272483470809
2018-10-18,115.8476920462798
2018-10-19,114.16811391108713
2018-10-20,113.4342026142518
2018-10-21,120.38039189275288
2018-10-22,117.67261187106584
2018-10-23,112.18228412901463
2018-10-24,119.90861577174853
2018-10-25,116.71572191678962
2018-10-26,119.01729809011547
2018-10-27,117.8803760566862
2018-10-28,110.37230211543292
2018-10-29,111.50753161452708
2018-10-30,117.84248535762791
2018-10-31,116.96216945208646
2018-11-01,113.61712315354401
2018-11-02,114.12687737200768
2018-11-03,119.75474661116863
2018-11-04,110.24258679631934
2018-11-05,115.77805105112293
2018-11-06,111.88206993953507
2018-11-07,111.66368546101396
2018-11-08,118.11385424347321
2018-11-09,116.62397166530738
2018-11-10,116.45061060863492
2018-11-11,118.80608239169248
2018-11-12,112.28897724114547
2018-11-13,115.50881591845219
2018-11-14,110.47280233371384
2018-11-15,113.58020251727044
2018-11-16,111.2541859709961
2018-11-17,112.34584221803995
2018-11-18,114.80316254109755
2018-11-19,107.71345435645105
2018-11-20,122.25443944980235
2018-11-21,106.76121402896875
2018-11-22,105.73008385685917
2018-11-23,117.61229878733637
2018-11-24,115.81181807090556
2018-11-25,115.01694543244834
2018-11-26,115.09202375893243
2018-11-27,111.9541345299297
2018-11-28,107.60529285774533
2018-11-29,112.55789741443341
2018-11-30,108.89146664553269
2018-12-01,117.26232986693546
2018-12-02,111.77190815295018
2018-12-03,108.51112100156021
2018-12-04,111.17396578773213
2018-12-05,114.99863228468043
2018-12-06,110.27912818882719
2018-12-07,109.16101285309159
2018-12-08,114.67538294229875
2018-12-09,114.87694856169318
2018-12-10,111.32276250999556
2018-12-11,111.71768915027273
2018-12-12,115.45840684992152
2018-12-13,107.29270973116553
2018-12-14,107.74029744182778
2018-12-15,111.43919291038048
2018-12-16,114.2270806567869
2018-12-17,117.12064307681716
2018-12-18,123.22333345476166
2018-12-19,120.42371811557818
2018-12-20,115.63276834059513
2018-12-21,116.64233806316534
2018-12-22,112.03738246558514
2018-12-23,117.27745230828044
2018-12-24,116.25381023749748
2018-12-25,119.64458875798297
2018-12-26,114.23524360619977
2018-12-27,121.31473862730479
2018-12-28,126.73420233530052
2018-12-29,118.8847847848242
2018-12-30,121.80047379434035
2018-12-31,123.6108867136478
2019-01-01,118.52690242042704
2019-01-02,122.03055110380969
2019-01-03,121.35403521681118
2019-01-04,122.16398920075426
2019-01-05,118.19829268409438
2019-01-06,122.57646563649348
2019-01-07,125.33695935615944
2019-01-08,130.49785599404095
2019-01-09,128.43541365346434
2019-01-10,134.8032775353045
2019-01-11,120.59994841878566
2019-01-12,129.1982556376459
2019-01-13,126.15360319563644
2019-01-14,136.58605198939898
2019-01-15,121.99522255516096
2019-01-16,122.23694351080262
2019-01-17,123.83622082646042
2019-01-18,116.60976121060051
2019-01-19,124.99457855578956
2019-01-20,124.21949800952102
2019-01-21,129.15627005689967
2019-01-22,130.49919426580155
2019-01-23,138.553999968599
2019-01-24,134.3042629026061
2019-01-25,127.04254250984386
2019-01-26,125.80548076891169
2019-01-27,133.12288162676452
2019-01-28,124.42275702619281
2019-01-29,140.53643284094176
2019-01-30,137.62581326497815
2019-01-31,129.72615117915294
2019-02-01,123.84340886861952
2019-02-02,139.50883000355608
2019-02-03,132.49019673280276
2019-02-04,139.56816095796904
2019-02-05,125.71560262019726
2019-02-06,130.99173622490255
2019-02-07,134.3076486731206
2019-02-08,134.8008488448102
2019-02-09,132.5915887810486
2019-02-10,138.2233578247686
2019-02-11,130.02919676966877
2019-02-12,134.9043779546589
2019-02-13,136.4573129426246
2019-02-14,138.65797900765034
2019-02-15,139.86401832827562
2019-02-16,130.8929309168371
2019-02-17,129.0456466710607
2019-02-18,143.2944081260999
2019-02-19,138.74699396906928
2019-02-20,133.5118591544342
2019-02-21,145.16827402985834
2019-02-22,138.13836222037114
2019-02-23,143.59311259857392
2019-02-24,138.15994165475635
2019-02-25,148.2408307319909
2019-02-26,146.81750303635732
2019-02-27,136.88861049663655
2019-02-28,143.07281426984247
2019-03-01,141.51224691625484
2019-03-02,145.18780787413223
2019-03-03,133.56819923042465
2019-03-04,141.86014443968895
2019-03-05,143.74801731465865
2019-03-06,129.67718760551463
2019-03-07,132.5586225871511
2019-03-08,128.2718940622341
2019-03-09,137.10335211451965
2019-03-10,142.00971430835045
2019-03-11,145.89479623105424
2019-03-12,138.70400160630177
2019-03-13,146.41676022333684
2019-03-14,131.3031088461222
2019-03-15,129.60656859630228
2019-03-16,137.755701334023
2019-03-17,139.85399487347183
2019-03-18,137.66087566462045
2019-03-19,127.36847048832385
2019-03-20,137.1322684145832
2019-03-21,130.9187811790857
2019-03-22,140.64405027853215
2019-03-23,138.9747724184422
2019-03-24,132.28025614565325
2019-03-25,134.24022919506
2019-03-26,131.33570313243465
2019-03-27,136.13315248001365
2019-03-28,141.0298873319453
2019-03-29,131.12631202728662
2019-03-30,138.3693759935106
2019-03-31,132.98579427333172
2019-04-01,131.45470507700304
2019-04-02,134.6602689886746
2019-04-03,129.7902484259042
2019-04-04,131.96426939253521
2019-04-05,128.50453344556067
2019-04-06,144.07464631838198
2019-04-07,134.18047135710742
2019-04-08,130.2550430517866
2019-04-09,134.56982406658227
2019-04-10,132.68163161802764
2019-04-11,131.87922439407373
2019-04-12,135.79352216150411
2019-04-13,136.24702422792612
2019-04-14,129.54232472936394
2019-04-15,129.05000046930255
2019-04-16,130.28738065479547
2019-04-17,119.88623768938393
2019-04-18,123.5531205023104
2019-04-19,137.69707837068353
2019-04-20,138.82194628943014
2019-04-21,129.08746737327164
2019-04-22,132.9524798211854
2019-04-23,131.3648675470812
2019-04-24,144.94418158140218
2019-04-25,134.89141402920538
2019-04-26,128.40067389374178
2019-04-27,124.01259845805626
2019-04-28,120.51177659557675
2019-04-29,129.31905085157013
2019-04-30,124.28206410560584
2019-05-01,120.71933402189522
2019-05-02,124.36955612999108
2019-05-03,121.9718598238792
2019-05-04,135.59817071904396
2019-05-05,131.35952321995308
2019-05-06,126.70663141471007
2019-05-07,133.9479958832408
2019-05-08,126.74380240879452
2019-05-09,121.86641771093049
2019-05-10,133.61180816594765
2019-05-11,128.52182901316624
2019-05-12,120.48014311662142
2019-05-13,124.5620328905003
2019-05-14,120.99148874042935
2019-05-15,118.32017098969608
2019-05-16,129.73860778840867
2019-05-17,134.53752931796583
2019-05-18,117.88971465174326
2019-05-19,127.59907969605825
2019-05-20,121.44245983984817
2019-05-21,122.18141585922629
2019-05-22,121.58653585978539
2019-05-23,120.17025740850757
2019-05-24,124.6849073128885
2019-05-25,120.2501461649946
2019-05-26,125.73040393286031
2019-05-27,124.11088180129741
2019-05-28,123.1621062146508
2019-05-29,119.82470382437681
2019-05-30,121.4953106538972
2019-05-31,128.1837937925095
2019-06-01,126.9501625751502
2019-06-02,119.60763912247089
2019-06-03,125.05303408925963
2019-06-04,128.38539030202625
2019-06-05,116.36462933484914
2019-06-06,127.52275834499906
2019-06-07,121.59821012418524
2019-06-08,127.88072068152849
2019-06-09,121.33880158268462
2019-06-10,116.26896101363529
2019-06-11,117.30475799062889
2019-06-12,125.84272643259375
2019-06-13,127.07137498771581
2019-06-14,121.4321539734556
2019-06-15,129.33806073569795
2019-06-16,118.03910752404552
2019-06-17,126.22801621339681
2019-06-18,120.7249782497377
2019-06-19,123.75228706068293
2019-06-20,127.489450392495
2019-06-21,123.20076684776588
2019-06-22,125.83961546716382
2019-06-23,133.06238508230194
2019-06-24,125.42373335106532
2019-06-25,132.7724344893234
2019-06-26,123.23948674040516
2019-06-27,131.83910193316993
2019-06-28,136.7077352984849
2019-06-29,117.45896152130682
2019-06-30,126.15720147774591
2019-07-01,133.35844724976883
2019-07-02,129.79588919422304
2019-07-03,133.0111938144465
2019-07-04,128.48589678089746
2019-07-05,132.29482430760893
2019-07-06,131.4449143481239
2019-07-07,138.4286806206293
2019-07-08,134.23305546971508
2019-07-09,135.02451793820714
2019-07-10,131.65670202140234
2019-07-11,131.66131873915657
2019-07-12,132.3231505501675
2019-07-13,136.84776658900506
2019-07-14,133.1627614476547
2019-07-15,137.11098761877616
2019-07-16,146.43543373427437
2019-07-17,140.81188990630676
2019-07-18,135.22513724363688
2019-07-19,143.2610952422867
2019-07-20,135.61483117924658
2019-07-21,127.86480848348526
2019-07-22,133.41489239289626
2019-07-23,129.50055614199263
2019-07-24,137.49506925636865
2019-07-25,139.7414099414088
2019-07-26,148.426379326272
2019-07-27,142.07153262469689
2019-07-28,139.73156171138356
2019-07-29,145.3613666259814
2019-07-30,130.54268568106775
2019-07-31,143.15685465697402
2019-08-01,146.20957461261236
2019-08-02,135.3344867271134
2019-08-03,148.81372020152705
2019-08-04,145.14999210858053
2019-08-05,141.7383295140909
2019-08-06,147.33031312161293
2019-08-07,155.8655615077083
2019-08-08,145.76087027643982
2019-08-09,146.42552865960272
2019-08-10,143.21365678392243
2019-08-11,141.58013531833578
2019-08-12,150.29251190969237
2019-08-13,142.16419683770613
2019-08-14,147.0982740321468
2019-08-15,144.6397713403647
2019-08-16,149.70211652605525
2019-08-17,149.24599349576522
2019-08-18,153.02692833654586
2019-08-19,145.54155558920863
2019-08-20,146.98532861039396
2019-08-21,143.67441095362994
2019-08-22,146.5705644398536
2019-08-23,150.89243461388946
2019-08-24,152.9947130932245
2019-08-25,144.7925651511117
2019-08-26,153.93468584828534
2019-08-27,156.53762306676694
2019-08-28,151.98878086518394
2019-08-29,159.45704683953653
2019-08-30,146.3447777763416
2019-08-31,144.12021855486884
2019-09-01,141.5687012804073
2019-09-02,158.05031872980118
2019-09-03,153.9386585904476
2019-09-04,150.47454518014504
2019-09-05,152.2268339258038
2019-09-06,145.26294316090875
2019-09-07,163.17142492864986
2019-09-08,151.62994266183475
2019-09-09,151.56090594697605
2019-09-10,154.66182455091536
2019-09-11,153.44611429511824
2019-09-12,152.15764744066317
2019-09-13,147.07217407861583
2019-09-14,153.35745646732553
2019-09-15,160.37515617460653
2019-09-16,157.64651686119564
2019-09-17,158.8293215935166
2019-09-18,148.24100734614126
2019-09-19,145.77263230978687
2019-09-20,150.0053251506294
2019-09-21,150.8166906409229
2019-09-22,155.90321421861512
2019-09-23,141.85470017049138
2019-09-24,157.84032016674473
2019-09-25,149.26906555481204
2019-09-26,147.78245009661947
2019-09-27,144.70553035601867
2019-09-28,141.33265402901236
2019-09-29,153.55561506358967
2019-09-30,149.631376531059
2019-10-01,142.6324754177838
2019-10-02,142.41712520025158
2019-10-03,147.01686595367667
2019-10-04,156.83749178705358
2019-10-05,146.9846469372666
2019-10-06,140.55104087937445
2019-10-07,146.6164390373521
2019-10-08,146.25450272875608
2019-10-09,133.90154787795356
2019-10-10,146.87759403930215
2019-10-11,145.75304754293074
2019-10-12,150.1433110961732
2019-10-13,155.65787334735037
2019-10-14,151.7933375764119
2019-10-15,144.56044969647036
2019-10-16,140.11396408029643
2019-10-17,158.25277444061928
2019-10-18,145.41949487133274
2019-10-19,144.92888823955047
2019-10-20,144.47323531716214
2019-10-21,145.31805287280167
2019-10-22,143.3391150649871
2019-10-23,140.92578581540022
2019-10-24,140.79324159012927
2019-10-25,143.09784287373878
2019-10-26,140.27956083658725
2019-10-27,139.16890272693396
2019-10-28,143.0034686233861
2019-10-29,140.93672162038254
2019-10-30,149.47433039122262
2019-10-31,128.4451020606458
2019-11-01,146.90625617919324
2019-11-02,147.43145756743206
2019-11-03,130.59027876542459
2019-11-04,139.0042243594355
2019-11-05,138.6254652143972
2019-11-06,133.21502874037265
2019-11-07,136.1386620806825
2019-11-08,134.25558958095633
2019-11-09,148.3564274589143
2019-11-10,144.06626839885092
2019-11-11,145.54495257954113
2019-11-12,142.60163506810264
2019-11-13,133.1612004371263
2019-11-14,136.0044114551858
2019-11-15,140.90208188229118
2019-11-16,132.1806744630607
2019-11-17,141.70057477942427
2019-11-18,136.78663691321458
2019-11-19,135.97549140238382
2019-11-20,141.27460556090554
2019-11-21,139.8204299061286
2019-11-22,135.68289598217353
2019-11-23,143.18249325647147
2019-11-24,131.88833655481758
2019-11-25,140.2910084827322
2019-11-26,140.10454809391868
2019-11-27,135.5292097004436
2019-11-28,138.65583913915341
2019-11-29,130.7283021217612
2019-11-30,141.57328508617343
2019-12-01,136.00861169635627
2019-12-02,134.31026856246424
2019-12-03,142.17056447231147
2019-12-04,133.4163803570343
2019-12-05,129.91937880298858
2019-12-06,129.2131798764815
2019-12-07,140.07210562270222
2019-12-08,130.69675222913713
2019-12-09,145.94083700903363
2019-12-10,126.8363087517836
2019-12-11,145.81843613831398
2019-12-12,138.4925228226293
2019-12-13,137.0661953422418
2019-12-14,134.94848436228565
2019-12-15,139.80300976697396
2019-12-16,137.76426045041995
2019-12-17,143.62481629620677
2019-12-18,138.8459870175895
2019-12-19,139.2034573735187
2019-12-20,136.82142239447236
2019-12-21,138.5525909083473
2019-12-22,140.58431825016356
2019-12-23,130.71245545664053
2019-12-24,132.75018766493645
2019-12-25,143.4449027132393
2019-12-26,140.82983704868155
2019-12-27,139.31178044925824
2019-12-28,140.58910293691463
2019-12-29,142.50890594928794
2019-12-30,138.35486050380874
2019-12-31,137.4531538504085
2020-01-01,142.62302987417996
2020-01-02,137.0589148215386
2020-01-03,144.30659929727287
2020-01-04,134.0742802787061
2020-01-05,148.0618613859422
2020-01-06,145.61468596309487
2020-01-07,144.87389387311754
2020-01-08,148.85537176234158
2020-01-09,152.62327257428802
2020-01-10,149.7272264668196
2020-01-11,135.81564735720224
2020-01-12,138.99161118890052
2020-01-13,142.63937895456982
2020-01-14,146.27205939715483
2020-01-15,149.11184158086547
2020-01-16,143.2802290826989
2020-01-17,148.2312884380039
2020-01-18,143.9117932238302
2020-01-19,145.02475789326823
2020-01-20,141.44470249496968
2020-01-21,144.2591589141789
2020-01-22,142.51550758051235
2020-01-23,144.79408887648378
2020-01-24,155.34173747422406
2020-01-25,145.72678535144559
2020-01-26,164.03574831841402
2020-01-27,153.7399217458782
2020-01-28,152.5960729376342
2020-01-29,147.77736014744883
2020-01-30,155.96628409713693
2020-01-31,149.98009427327366
2020-02-01,153.85948063087037
2020-02-02,166.43824091774727
2020-02-03,153.54278605101325
2020-02-04,160.15124576790987
2020-02-05,151.26696633494734
2020-02-06,154.98170479753358
2020-02-07,164.379937050762
2020-02-08,152.75553642685884
2020-02-09,165.31187235138842
2020-02-10,160.1421416311263
2020-02-11,154.13897568287445
2020-02-12,160.45513823140408
2020-02-13,162.4912181006195
2020-02-14,161.06609946831534
2020-02-15,150.42749599769297
2020-02-16,154.95718626500837
2020-02-17,157.6619387328664
2020-02-18,158.82616481045048
2020-02-19,162.59237457106656
2020-02-20,160.65983413168786
2020-02-21,153.36831543614025
2020-02-22,162.21089736410917
2020-02-23,163.61865004069574
2020-02-24,163.6112187106075
2020-02-25,166.45324714316897
2020-02-26,165.4463736898303
2020-02-27,163.79024628568249
2020-02-28,161.3510960319229
2020-02-29,153.59453763465248
2020-03-01,164.23454471437688
2020-03-02,163.30156303037353
2020-03-03,163.78712708642288
2020-03-04,156.20092507883243
2020-03-05,157.32404836042843
2020-03-06,168.12889975986573
2020-03-07,162.78823084016892
2020-03-08,166.50538542062287
2020-03-09,163.34030310203178
2020-03-10,163.4372372136615
2020-03-11,168.0585112227623
2020-03-12,160.85438134445317
2020-03-13,163.97159788703047
2020-03-14,161.2248942829828
2020-03-15,161.3979778665198
2020-03-16,162.047734397893
2020-03-17,164.7163960962768
2020-03-18,161.21317328253085
2020-03-19,169.87601599394077
2020-03-20,159.10373263827634
2020-03-21,162.61125650396244
2020-03-22,161.30522567544165
2020-03-23,170.68657794123789
2020-03-24,164.37194354445984
2020-03-25,168.47569085865413
2020-03-26,155.80593724780948
2020-03-27,164.47640009715238
2020-03-28,167.48702832532067
2020-03-29,163.33852379246696
2020-03-30,168.13343769899845
2020-03-31,160.08943693206191
2020-04-01,169.5835901373146
2020-04-02,173.8836765842122
2020-04-03,160.41892396325613
2020-04-04,159.84138056850605
2020-04-05,169.1636944946628
2020-04-06,169.6148799934639
2020-04-07,158.91560869589813
2020-04-08,159.23478909835458
2020-04-09,159.72582952232543
2020-04-10,154.20504221840142
2020-04-11,156.120395082698
2020-04-12,155.4734407455594
2020-04-13,156.43009465933812
2020-04-14,159.86536868987804
2020-04-15,160.97468057822124
2020-04-16,167.31636217317316
2020-04-17,154.3281222359403
2020-04-18,163.99366272642746
2020-04-19,157.75074030839284
2020-04-20,158.31882913595916
2020-04-21,161.6828950444492
2020-04-22,152.4353846350832
2020-04-23,159.69915113681805
2020-04-24,158.35574718207724
2020-04-25,159.72076975451859
2020-04-26,158.43839650110417
2020-04-27,169.002476475623
2020-04-28,153.27045177732555
2020-04-29,153.53746732899984
2020-04-30,152.81054527664205
2020-05-01,152.8835238823414
2020-05-02,152.20987057774104
2020-05-03,161.0793888007192
2020-05-04,161.97629675529825
2020-05-05,151.7618469095286
2020-05-06,150.19829832595144
2020-05-07,156.4647051962732
2020-05-08,151.09747188798877
2020-05-09,156.77796563602504
2020-05-10,154.386747920097
2020-05-11,145.5566878593124
2020-05-12,160.6409969785364
2020-05-13,161.6560410379412
2020-05-14,149.39133663244712
2020-05-15,150.30116589995575
2020-05-16,153.4594745460731
2020-05-17,153.49929302467413
2020-05-18,154.92327971516693
2020-05-19,161.49211088265645
2020-05-20,150.37414744770976
2020-05-21,147.09273523468292
2020-05-22,144.0207741909081
2020-05-23,147.10393984218936
2020-05-24,150.44249658292998
2020-05-25,159.4390254641292
2020-05-26,147.74507971721482
2020-05-27,151.327993691067
2020-05-28,150.01208708355534
2020-05-29,155.93074746053256
2020-05-30,162.52764614521504
2020-05-31,147.15264725589975
2020-06-01,147.28377507651842
2020-06-02,154.8858906928154
2020-06-03,153.01893813680957
2020-06-04,158.79782813769853
2020-06-05,152.44928418321172
2020-06-06,147.70918823883827
2020-06-07,152.445682880328
2020-06-08,155.03353020665563
2020-06-09,153.60094721092182
2020-06-10,152.05441561864936
2020-06-11,154.88196573799763
2020-06-12,155.4366949704513
2020-06-13,156.55374251122
2020-06-14,152.95034889472228
2020-06-15,148.94618549974228
2020-06-16,150.60143612678107
2020-06-17,155.99759810837952
2020-06-18,145.9886203875217
2020-06-19,152.03592443227893
2020-06-20,148.35607819139224
2020-06-21,150.60759530571514
2020-06-22,157.00803125923764
2020-06-23,151.73387508593603
2020-06-24,151.1837706465653
2020-06-25,144.3359972441784
2020-06-26,155.06058756788556
2020-06-27,154.7609925233143
2020-06-28,162.56415419235967
2020-06-29,150.43319123642263
2020-06-30,153.301753555026
2020-07-01,153.6963714931541
2020-07-02,160.589505662022
2020-07-03,152.48767581378274
2020-07-04,154.63008617934486
2020-07-05,156.55396996121544
2020-07-06,154.73548894238436
2020-07-07,151.86643208684788
2020-07-08,155.373152619868
2020-07-09,160.0826454675015
2020-07-10,149.90110320962216
2020-07-11,156.02484910777147
2020-07-12,152.19255692093964
2020-07-13,162.00809720487177
2020-07-14,148.76287170591675
2020-07-15,153.93606762605665
2020-07-16,158.9742180959605
2020-07-17,165.27854847089327
2020-07-18,157.48990500694723
2020-07-19,155.41501017143378
2020-07-20,167.97342812756995
2020-07-21,151.70814694917945
2020-07-22,148.33834986526432
2020-07-23,161.91985145941445
2020-07-24,157.59978724889012
2020-07-25,155.3966930807411
2020-07-26,164.43959506331242
2020-07-27,162.5135637517233
2020-07-28,158.8723389185719
2020-07-29,155.69043775455157
2020-07-30,166.85415992959233
2020-07-31,166.14310789826044
2020-08-01,162.79639555455543
2020-08-02,172.92520589024411
2020-08-03,158.7405457881977
2020-08-04,156.8611255370167
2020-08-05,161.42545756296303
2020-08-06,165.05141249511837
2020-08-07,166.88811814251216
2020-08-08,164.85469061206345
2020-08-09,168.20761053174883
2020-08-10,160.57275599779376
2020-08-11,174.428700628912
2020-08-12,167.17450323585118
2020-08-13,173.542733441497
2020-08-14,170.03615129445643
2020-08-15,170.96750280379507
2020-08-16,171.88839949139734
2020-08-17,171.62822487120303
2020-08-18,172.94739216135434
2020-08-19,176.71730602513713
2020-08-20,171.38528141202667
2020-08-21,174.27189955107613
2020-08-22,170.59519404207796
2020-08-23,178.55395845700178
2020-08-24,168.2731487513047
2020-08-25,180.95352685849184
2020-08-26,172.03347338444112
2020-08-27,165.35730675004686
2020-08-28,173.41987028294213
2020-08-29,169.63327857689737
2020-08-30,177.4917518437429
2020-08-31,170.2660161113429
2020-09-01,171.52923197346328
2020-09-02,164.53368705464487
2020-09-03,171.9311572074157
2020-09-04,162.27448593758464
2020-09-05,166.6653082824477
2020-09-06,178.56744336853504
2020-09-07,178.86439978566963
2020-09-08,177.22208198253244
2020-09-09,170.40857180559016
2020-09-10,175.1427260890676
2020-09-11,175.49019340430524
2020-09-12,169.8323317798127
2020-09-13,183.24606697985345
2020-09-14,180.20973578108135
2020-09-15,174.8008507377198
2020-09-16,176.11172866192786
2020-09-17,177.07971647839636
2020-09-18,165.87851308638858
2020-09-19,174.88958679909217
2020-09-20,172.742771670621
2020-09-21,171.16078891020692
2020-09-22,174.76861659206082
2020-09-23,185.15688123350077
2020-09-24,179.35617541706262
2020-09-25,173.26885319971979
2020-09-26,178.94982810946442
2020-09-27,183.03535276126735
2020-09-28,180.60302868197815
2020-09-29,176.20905965530451
2020-09-30,172.59718522920386
2020-10-01,179.2340229169282
2020-10-02,177.61161961200946
2020-10-03,180.0118782595856
2020-10-04,178.59411845754906
2020-10-05,180.53920323368536
2020-10-06,172.47949202689864
2020-10-07,181.59814032032986
2020-10-08,175.84617837127598
2020-10-09,185.0732479299244
2020-10-10,171.08177414865676
2020-10-11,183.030570863302
2020-10-12,175.1558843927054
2020-10-13,170.71763848742285
2020-10-14,171.35680413850395
2020-10-15,171.96940338390536
2020-10-16,175.48058046587556
2020-10-17,175.75655256001517
2020-10-18,170.05082910703538
2020-10-19,172.5691621454144
2020-10-20,183.16887315468296
2020-10-21,180.85713762815638
2020-10-22,174.15859380234178
2020-10-23,171.92054371629413
2020-10-24,172.08057941364598
2020-10-25,174.2946071348912
2020-10-26,165.85670309988166
2020-10-27,169.42484546092513
2020-10-28,162.10764584982212
2020-10-29,172.1836605082187
2020-10-30,173.1590106988766
2020-10-31,167.24146070807072
2020-11-01,177.26093450463793
2020-11-02,162.9953962658011
2020-11-03,161.53556129793037
2020-11-04,169.71326415123565
2020-11-05,173.56079478945082
2020-11-06,176.48033861649103
2020-11-07,165.50314297663084
2020-11-08,172.92966679067186
2020-11-09,167.0846177205897
2020-11-10,166.15748258978485
2020-11-11,171.18529899018475
2020-11-12,169.778271465197
2020-11-13,158.38798433470026
2020-11-14,173.40991387120337
2020-11-15,172.68925910651893
2020-11-16,162.42724169595974
2020-11-17,167.30532265003993
2020-11-18,167.57303130331465
2020-11-19,166.18847297316162
2020-11-20,161.9217670196646
2020-11-21,161.10963932050842
2020-11-22,164.14102677617828
2020-11-23,169.94035635365165
2020-11-24,166.6097872211585
2020-11-25,161.86123098591003
2020-11-26,167.40302506971636
2020-11-27,149.14002303981798
2020-11-28,168.97299923910532
2020-11-29,154.3855114610722
2020-11-30,161.1354959163784
2020-12-01,157.22190800616033
2020-12-02,156.2285595389288
2020-12-03,168.39716868772854
2020-12-04,160.15515037422466
2020-12-05,164.13653598910489
2020-12-06,162.08968639444433
2020-12-07,164.63984155349357
2020-12-08,162.57932212397913
2020-12-09,155.7311942468292
2020-12-10,167.08892840323693
2020-12-11,159.61086368192866
2020-12-12,154.27950805678566
2020-12-13,159.91542474091696
2020-12-14,169.56427589229082
2020-12-15,166.3270246763617
2020-12-16,160.35911399349374
2020-12-17,160.3936092972188
2020-12-18,160.58034264091214
2020-12-19,172.63199494404458
2020-12-20,164.22879422621713
2020-12-21,164.55130733168625
2020-12-22,167.6456016995765
2020-12-23,163.79228942020083
2020-12-24,161.41832429295914
2020-12-25,161.8579554411305
2020-12-26,162.61878017440827
2020-12-27,162.93859090757996
2020-12-28,166.92150892144753
2020-12-29,163.71239094863066
2020-12-30,167.2956892956751
2020-12-31,163.41913463192805
2021-01-01,164.41638592771818
2021-01-02,154.24281398745177
2021-01-03,169.03601812458695
2021-01-04,166.41716822045044
2021-01-05,169.9147241866728
2021-01-06,150.6927535251411
2021-01-07,175.87446650945472
2021-01-08,165.0021997719501
2021-01-09,171.51738584443234
2021-01-10,161.06180170174542
2021-01-11,169.61835347976896
2021-01-12,161.58859988203824
2021-01-13,164.0458069044781
2021-01-14,177.0512932386986
2021-01-15,166.85144210742655
2021-01-16,169.22268308209155
2021-01-17,172.8231752918243
2021-01-18,171.29491627008082
2021-01-19,169.91831570299217
2021-01-20,171.3464698533825
2021-01-21,181.89959453542934
2021-01-22,169.9603552678878
2021-01-23,171.62462512487315
2021-01-24,176.24749234069668
2021-01-25,176.9010072567225
2021-01-26,177.69140551948217
2021-01-27,175.33614893906673
2021-01-28,166.8167290627769
2021-01-29,181.0908202177082
2021-01-30,167.58613587355893
2021-01-31,175.22716747127572
2021-02-01,170.34029875289588
2021-02-02,174.18986647083003
2021-02-03,176.55407326394052
2021-02-04,176.91720265569774
2021-02-05,177.8202571193669
2021-02-06,184.1791568227136
2021-02-07,178.77755875169333
2021-02-08,175.6873604844812
2021-02-09,182.1254367281846
2021-02-10,183.64744408164867
2021-02-11,171.95501151676237
2021-02-12,181.470515154525
2021-02-13,182.37698781471076
2021-02-14,177.76770397300186
2021-02-15,186.51488760870532
2021-02-16,179.26299286836684
2021-02-17,181.01381043981243
2021-02-18,179.8886261651017
2021-02-19,181.19500213897558
2021-02-20,175.9935878276586
2021-02-21,174.62697606033336
2021-02-22,190.1461161721674
2021-02-23,178.27892656151255
2021-02-24,177.89039187736168
2021-02-25,172.4072043185999
2021-02-26,180.29903900268334
2021-02-27,177.1907017812824
2021-02-28,192.32086649014514
2021-03-01,189.4565883176432
2021-03-02,181.2552796927613
2021-03-03,196.2383085894925
2021-03-04,190.1563873471467
2021-03-05,183.8859378010985
2021-03-06,173.266487555711
2021-03-07,197.46232929597275
2021-03-08,179.29433594981128
2021-03-09,178.2400811924839
2021-03-10,191.7949225662982
2021-03-11,199.08578178729013
2021-03-12,194.0031332790999
2021-03-13,190.08572185793665
2021-03-14,190.41388174164857
2021-03-15,191.87052902318254
2021-03-16,191.55073529442595
2021-03-17,189.30389490548458
2021-03-18,188.54990948325096
2021-03-19,187.83595375641065
2021-03-20,184.48810183801365
2021-03-21,186.95249768650953
2021-03-22,179.9779454393772
2021-03-23,188.02677355544338
2021-03-24,183.64013402532973
2021-03-25,183.11863886801962
2021-03-26,189.57844482607024
2021-03-27,195.6702939000082
2021-03-28,193.32213306328717
2021-03-29,180.88732541521463
2021-03-30,183.79004087900105
2021-03-31,193.42954140645153
2021-04-01,183.78999129694333
2021-04-02,187.5453442952055
2021-04-03,191.37430325255036
2021-04-04,183.72742781202032
2021-04-05,189.03084484579003
2021-04-06,181.75851369978184
2021-04-07,185.33649145970676
2021-04-08,189.84711162484524
2021-04-09,180.17846937499326
2021-04-10,190.2316023992613
2021-04-11,187.80758623230747
2021-04-12,190.53573892359944
2021-04-13,188.75156275859604
2021-04-14,194.30281759432637
2021-04-15,187.95002268525093
2021-04-16,185.01056879390242
2021-04-17,187.5949511690353
2021-04-18,189.51825971697784
2021-04-19,186.85709095347903
2021-04-20,186.61976965298467
2021-04-21,182.70416515895405
2021-04-22,182.69052292081636
2021-04-23,178.77680340275694
2021-04-24,194.31672769455415
2021-04-25,179.12307404242333
2021-04-26,181.64626863834735
2021-04-27,181.28235273814758
2021-04-28,189.1081326346819
2021-04-29,182.913753478244
2021-04-30,190.37841957428978
2021-05-01,180.52003064750465
2021-05-02,185.02715116828557
2021-05-03,179.1974219482168
2021-05-04,193.83952124358095
2021-05-05,176.9134073203305
2021-05-06,184.1364983046106
2021-05-07,185.4910139416956
2021-05-08,184.12496857409883
2021-05-09,180.86285742067935
2021-05-10,180.8733648147419
2021-05-11,181.4749193003614
2021-05-12,180.25483740080477
2021-05-13,185.54419045711808
2021-05-14,191.51368842509063
2021-05-15,177.4115917191438
2021-05-16,173.09007736989088
2021-05-17,179.24015146306033
2021-05-18,192.32536635949808
2021-05-19,175.1568509409061
2021-05-20,187.1227121743051
2021-05-21,187.07138706027783
2021-05-22,175.67489303670664
2021-05-23,181.0522385766523
2021-05-24,186.11866913143666
2021-05-25,175.85561484280456
2021-05-26,176.5134489831714
2021-05-27,174.40889200924215
2021-05-28,172.0356196290827
2021-05-29,173.66158866398214
2021-05-30,170.59361286659868
2021-05-31,176.6961248325934
2021-06-01,172.4955730329807
2021-06-02,177.34171361268318
2021-06-03,168.2285301494544
2021-06-04,177.5057708565551
2021-06-05,179.87076128145884
2021-06-06,165.59480964731208
2021-06-07,177.30299625608959
2021-06-08,181.4493577767588
2021-06-09,169.1503905956783
2021-06-10,183.4585232438363
2021-06-11,177.09749345186455
2021-06-12,171.3939256661753
2021-06-13,174.5667425534143
2021-06-14,177.57399782688785
2021-06-15,175.1094824221771
2021-06-16,177.38077758142703
2021-06-17,170.0517432106297
2021-06-18,175.48070994470666
2021-06-19,167.5549068864692
2021-06-20,174.0677873235601
2021-06-21,170.11575612310986
2021-06-22,170.9800213174989
2021-06-23,180.87156292806048
2021-06-24,180.19216002747987
2021-06-25,177.8369234484125
2021-06-26,169.39641582173908
2021-06-27,173.35380754003864
2021-06-28,181.0903193597154
2021-06-29,175.8334826521264
2021-06-30,186.83266205240335
2021-07-01,177.32471946219366
2021-07-02,176.4514297672519
2021-07-03,174.0895199844828
2021-07-04,176.4575032591496
2021-07-05,175.19282640929222
2021-07-06,179.6716664920958
2021-07-07,181.10103134710727
2021-07-08,172.584285103052
2021-07-09,170.06495164274543
2021-07-10,167.75698897140637
2021-07-11,179.70472023621548
2021-07-12,171.88434863456303
2021-07-13,166.88262826608786
2021-07-14,179.8451559750651
2021-07-15,190.63151474546578
2021-07-16,178.40926952595848
2021-07-17,182.91380798729983
2021-07-18,179.42061483862636
2021-07-19,178.81526907666665
2021-07-20,184.21122683608502
2021-07-21,178.47821021245892
2021-07-22,181.58761963404106
2021-07-23,182.1872758653348
2021-07-24,177.57322615246585
2021-07-25,186.21524622203177
2021-07-26,180.72775067190875
2021-07-27,178.17718517460327
2021-07-28,184.9973493463048
2021-07-29,178.18655197019592
2021-07-30,183.18876117777864
2021-07-31,183.37575942755802
2021-08-01,189.2285254691161
2021-08-02,186.55408027811956
2021-08-03,184.44049379244993
2021-08-04,189.0426434159475
2021-08-05,192.29581922522067
2021-08-06,188.52722806395053
2021-08-07,186.18539674244795
2021-08-08,179.9716059245947
2021-08-09,181.6037009320955
2021-08-10,185.80258751258953
2021-08-11,184.68118127639647
2021-08-12,187.19413567543594
2021-08-13,188.8123393095133
2021-08-14,191.57712765367768
2021-08-15,188.9748505835375
2021-08-16,192.15727036697425
2021-08-17,190.4429210699588
2021-08-18,180.63700609252098
2021-08-19,186.20909109171316
2021-08-20,190.5740373810269
2021-08-21,185.63162828898808
2021-08-22,195.0619374506392
2021-08-23,200.09445374437973
2021-08-24,198.90878185023016
2021-08-25,192.1175563134671
2021-08-26,201.0033873145698
2021-08-27,194.65293593632808
2021-08-28,192.57854076707778
2021-08-29,191.5455392096025
2021-08-30,193.44268235312808
2021-08-31,193.350214516331
2021-09-01,196.4725374527252
2021-09-02,196.74568169430123
2021-09-03,196.27311065244493
2021-09-04,198.7500771818571
2021-09-05,202.8182926254739
2021-09-06,201.9044168140468
2021-09-07,190.01540097677002
2021-09-08,184.94494873197095
2021-09-09,202.65200511021052
2021-09-10,191.4028292280927
2021-09-11,197.36096740425654
2021-09-12,192.8723542986442
2021-09-13,189.94150488155336
2021-09-14,201.87739100139365
2021-09-15,203.17453705002765
2021-09-16,196.69474878686106
2021-09-17,186.81033786768606
2021-09-18,197.21214941174864
2021-09-19,202.06966418112515
2021-09-20,192.8726971142434
2021-09-21,201.3299036513523
2021-09-22,200.4715541510198
2021-09-23,203.56863451939753
2021-09-24,201.3831629528066
2021-09-25,196.02195937102383
2021-09-26,206.9611241174685
2021-09-27,200.2654738672897
2021-09-28,200.99033212515616
2021-09-29,196.51812383522343
2021-09-30,199.0145470263805
2021-10-01,196.84234769847777
2021-10-02,200.42597711983262
2021-10-03,209.862586266229
2021-10-04,194.44692427102143
2021-10-05,193.2301303515505
2021-10-06,208.63450123228213
2021-10-07,200.20204403453954
2021-10-08,197.86271970008713
2021-10-09,206.35655531039572
2021-10-10,198.06756117159165
2021-10-11,210.15409546640066
2021-10-12,204.33203917623894
2021-10-13,198.41133562822554
2021-10-14,211.5362125407658
2021-10-15,197.61035844417748
2021-10-16,204.22935169428862
2021-10-17,201.8861674808387
2021-10-18,206.76034665615614
2021-10-19,207.91246551984074
2021-10-20,200.1097707573485
2021-10-21,196.01931911397185
2021-10-22,201.91500154347776
2021-10-23,196.04763500172757
2021-10-24,209.31683104085656
2021-10-25,199.73914783396455
2021-10-26,197.02962261747533
2021-10-27,199.57287090061922
2021-10-28,191.7008609579563
2021-10-29,193.35954043489284
2021-10-30,203.995211296071
2021-10-31,194.47893833257643
2021-11-01,192.29418941762572
2021-11-02,199.9727446084535
2021-11-03,202.97448043908767
2021-11-04,200.39329247486884
2021-11-05,201.52776752549178
2021-11-06,192.50934719491138
2021-11-07,188.927210229639
2021-11-08,203.28338032443446
2021-11-09,193.90163191169958
2021-11-10,193.99742093806273
2021-11-11,201.6277148129908
2021-11-12,197.50202425290314
2021-11-13,196.7337851805959
2021-11-14,205.0125428965073
2021-11-15,190.7032086544106
2021-11-16,198.29372381528427
2021-11-17,193.67413734806192
2021-11-18,194.4677763745917
2021-11-19,200.50446327580465
2021-11-20,195.1405354554718
2021-11-21,195.03436628001296
2021-11-22,197.44960722446012
2021-11-23,190.00950579353838
2021-11-24,187.38878971255897
2021-11-25,186.11508209750787
2021-11-26,181.2657041151129
2021-11-27,201.14129372105944
2021-11-28,185.11173739773693
2021-11-29,189.29411525517023
2021-11-30,188.7943312035359
2021-12-01,191.49917687761692
2021-12-02,193.83062128906892
2021-12-03,193.85044872839347
2021-12-04,186.43549537758992
2021-12-05,188.32502410628064
2021-12-06,190.39051722019073
2021-12-07,187.55865913542232
2021-12-08,196.67112191178606
2021-12-09,190.9295908253124
2021-12-10,191.9977216587191
2021-12-11,191.49489298719863
2021-12-12,193.91378023123366
2021-12-13,188.82643679536304
2021-12-14,181.32129444625843
2021-12-15,189.69742938036924
2021-12-16,184.3453434959907
2021-12-17,184.87196778057282
2021-12-18,190.36975047615792
2021-12-19,193.562340913037
2021-12-20,187.42054335126085
2021-12-21,188.81201251888436
2021-12-22,195.74311201012807
2021-12-23,188.41063491223687
2021-12-24,200.20086042533094
2021-12-25,190.01640329630052
2021-12-26,178.3923640692997
2021-12-27,190.9811874197531
2021-12-28,189.14960519535413
2021-12-29,193.73298508739998
2021-12-30,190.70163947067238
2021-12-31,186.70608445260694
2022-01-01,181.35062964853648
2022-01-02,186.51187796241405
2022-01-03,183.40036215269234
2022-01-04,184.85738155523381
2022-01-05,190.82094455326475
2022-01-06,196.35659100804753
2022-01-07,190.12033500521835
2022-01-08,182.3182823986153
2022-01-09,190.68214942596882
2022-01-10,194.61434453437283
2022-01-11,185.76481904636827
2022-01-12,188.33656078621644
2022-01-13,189.2832268311578
2022-01-14,185.4985079413264
2022-01-15,192.88752675376674
2022-01-16,189.27424633881708
2022-01-17,192.21906437632236
2022-01-18,185.93571345129845
2022-01-19,188.44680625207383
2022-01-20,194.5158631266812
2022-01-21,189.31835833171803
2022-01-22,200.10438458520125
2022-01-23,189.7666540048093
2022-01-24,193.1915022632649
2022-01-25,197.041987452942
2022-01-26,185.60559852673305
2022-01-27,184.21893627328365
2022-01-28,185.72712318671722
2022-01-29,200.00732538405617
2022-01-30,191.28038700677882
2022-01-31,207.1819098984767
2022-02-01,191.926557544289
2022-02-02,196.03275764202564
2022-02-03,203.18775126347703
2022-02-04,205.8795268106179
2022-02-05,206.53276214047312
2022-02-06,202.64723403261308
2022-02-07,202.1095021584698
2022-02-08,200.3388862089666
